metodo,error f(x),error P(x),error P(x)
Trapecio,,2.50405903974117e-7,1.75331549604527e-7
Simpson,,-7.17813286947120e-10,1.03832842107282e-10
