metodo,integral(f(x)),integral(P(x)),integral(g3(x))
Trapecio,0.6150000000000001,0.5563013964227865,0.5533082212909332
Simpson,0.5626666666666666,0.5555515004336563,0.5524170221618813
