,inicial 1,resultado 1,error 1
phi,45,10.508401757883135,0.0
alpha,60,13.027369446415356,3.524958103184872e-15
theta,360,358.62038235891924,-3.339550858072471e-13
