,inicial 2,resultado 2,error 2
phi,345,353.0203258259432,0.0
alpha,40,29.086608646439878,0.0
theta,20,19.52411009509632,0.0
